{
    "loss": 1.7193126678466797,
    "accuracy": 0.7254902124404907
}